AB16ABC,Holyrood Palace,2
DF15DEF,Robert Burns Memorial,3
LD16ZEP,Dynamic Earth,2
FA17DUR,Edinburgh Playhouse,3
BE35QWE,Usher Hall,1
DA14GHJ,North Bridge,1
MT12CRU,Scottish National Gallery,4
VN10HAL,Edinburgh Corn Exchange,3
FA17DUR,Edinburgh Castle,2
JK23MUA,Scottish National Gallery,3
FR10JMA,Robert Burns Memorial,1
HJ17POP,Marks and Spencer,4
HR34MAR,Arthurs Seat,3
DF15DEF,Dynamic Earth,4
LD16ZEP,Tynecastle,1
MT12CRU,Edinburgh Corn Exchange,1
BE35QWE,Dynamic Earth,2
DA14GHJ,North Bridge,4
AB16ABC,Robert Burns Memorial,2
HJ17POP,BT Murrafield Stadium,1
HR34MAR,Dynamic Earth,1
JK23MUA,North Bridge,3
FR10JMA,Arthurs Seat,2
AB16ABC,Holyrood Palace,1
DF15DEF,Marks and Spencer,3
LD16ZEP,Usher Hall,1
MT12CRU,University of Edinburgh,4
VN10HAL,Tynecastle,1
FA17DUR,BT Murrafield Stadium,2
BE35QWE,Usher Hall,2
DA14GHJ,Scottish National Gallery,3
HJ17POP,Edinburgh Corn Exchange,1
HR34MAR,Edinburgh Castle,3
JK23MUA,Edinburgh Playhouse,2
FR10JMA,Scottish Parliament,2

